{
  "eye": {
    "orientation": [
      0.5812944769859314,
      0.327365517616272,
      0.569060206413269,
      0.4807276129722595
    ],
    "magnitude": 1,
    "position": [
      319.46673583984375,
      205.78517150878906,
      716.3146362304688
    ]
  },
  "radius": 793.2212524414062,
  "type": "PERSPECTIVE"
}