{
  "eye": {
    "orientation": [
      0.14290009438991547,
      -0.853192925453186,
      -0.3903544247150421,
      0.3150634169578552
    ],
    "magnitude": 1,
    "position": [
      903.6259155273438,
      281.2145080566406,
      827.9434204101562
    ]
  },
  "radius": 793.2212524414062,
  "type": "PERSPECTIVE"
}