{
  "eye": {
    "orientation": [
      -0.25284790992736816,
      0.6654497981071472,
      0.009606391191482544,
      0.7022480368614197
    ],
    "magnitude": 1,
    "position": [
      374.9323425292969,
      581.8311767578125,
      454.08416748046875
    ]
  },
  "radius": 793.2212524414062,
  "type": "PERSPECTIVE"
}