{
  "eye": {
    "orientation": [
      0.038144778460264206,
      0.8241747617721558,
      0.02532217651605606,
      0.5644817352294922
    ],
    "magnitude": 1,
    "position": [
      1209.368408203125,
      240.60482788085938,
      207.6556854248047
    ]
  },
  "radius": 793.2212524414062,
  "type": "PERSPECTIVE"
}